"annotation_id","annotator","created_at","id","label","lead_time","text","updated_at"
2,"1","2025-01-23T17:21:45.823831Z",440,"[{""start"":0,""end"":2,""text"":""आज"",""labels"":[""ADJ""]},{""start"":3,""end"":7,""text"":""भारत"",""labels"":[""PROPN""]},{""start"":3,""end"":7,""text"":""भारत"",""labels"":[""PROPN""]},{""start"":8,""end"":11,""text"":""FDI"",""labels"":[""PROPN""]},{""start"":12,""end"":22,""text"":""Confidence"",""labels"":[""ADJ""]},{""start"":23,""end"":28,""text"":""Index"",""labels"":[""NOUN""]},{""start"":29,""end"":32,""text"":""में"",""labels"":[""ADP""]},{""start"":33,""end"":36,""text"":""top"",""labels"":[""ADJ""]},{""start"":33,""end"":36,""text"":""top"",""labels"":[""ADV""]},{""start"":37,""end"":40,""text"":""two"",""labels"":[""ADJ""]},{""start"":37,""end"":40,""text"":""two"",""labels"":[""ADV""]},{""start"":41,""end"":49,""text"":""emerging"",""labels"":[""ADJ""]},{""start"":50,""end"":56,""text"":""market"",""labels"":[""NOUN""]},{""start"":57,""end"":67,""text"":""performers"",""labels"":[""ADJ""]},{""start"":68,""end"":71,""text"":""में"",""labels"":[""ADP""]},{""start"":72,""end"":74,""text"":""से"",""labels"":[""VERB""]},{""start"":75,""end"":77,""text"":""एक"",""labels"":[""ADJ""]},{""start"":78,""end"":80,""text"":""है"",""labels"":[""VERB""]},{""start"":80,""end"":81,""text"":""।"",""labels"":[""X""]},{""start"":78,""end"":80,""text"":""है"",""labels"":[""VERB""]}]",294.665,"आज भारत FDI Confidence Index में top two emerging market performers में से एक है।","2025-01-23T17:21:45.823875Z"
1,"1","2025-01-23T17:21:42.431724Z",441,"[{""start"":0,""end"":4,""text"":""मुझे"",""labels"":[""PRON""]},{""start"":5,""end"":10,""text"":""बताया"",""labels"":[""VERB""]},{""start"":11,""end"":14,""text"":""गया"",""labels"":[""PART""]},{""start"":15,""end"":17,""text"":""है"",""labels"":[""VERB""]},{""start"":18,""end"":20,""text"":""कि"",""labels"":[""CONJ""]},{""start"":21,""end"":31,""text"":""Department"",""labels"":[""NOUN""]},{""start"":32,""end"":34,""text"":""of"",""labels"":[""ADP""]},{""start"":35,""end"":43,""text"":""Commerce"",""labels"":[""NOUN""]},{""start"":44,""end"":46,""text"":""इस"",""labels"":[""DET""]},{""start"":47,""end"":51,""text"":""दिशा"",""labels"":[""NOUN""]},{""start"":52,""end"":55,""text"":""में"",""labels"":[""ADP""]},{""start"":56,""end"":58,""text"":""एक"",""labels"":[""DET""]},{""start"":59,""end"":65,""text"":""Online"",""labels"":[""ADJ""]},{""start"":66,""end"":72,""text"":""Portal"",""labels"":[""NOUN""]},{""start"":73,""end"":75,""text"":""पर"",""labels"":[""ADP""]},{""start"":76,""end"":78,""text"":""भी"",""labels"":[""NOUN""]},{""start"":79,""end"":82,""text"":""काम"",""labels"":[""NOUN""]},{""start"":83,""end"":85,""text"":""कर"",""labels"":[""VERB""]},{""start"":86,""end"":89,""text"":""रहा"",""labels"":[""PART""]},{""start"":90,""end"":92,""text"":""है"",""labels"":[""VERB""]},{""start"":92,""end"":93,""text"":""।"",""labels"":[""X""]}]",357.248,"मुझे बताया गया है कि Department of Commerce इस दिशा में एक Online Portal पर भी काम कर रहा है।","2025-01-23T17:21:42.431791Z"
3,"1","2025-01-23T17:25:46.479318Z",442,"[{""start"":0,""end"":3,""text"":""देश"",""labels"":[""NOUN""]},{""start"":4,""end"":6,""text"":""के"",""labels"":[""ADP""]},{""start"":7,""end"":18,""text"":""यूनिवर्सिटी"",""labels"":[""NOUN""]},{""start"":20,""end"":25,""text"":""कॉलेज"",""labels"":[""NOUN""]},{""start"":26,""end"":28,""text"":""और"",""labels"":[""CONJ""]},{""start"":29,""end"":32,""text"":""R&D"",""labels"":[""ADJ""]},{""start"":33,""end"":45,""text"":""Institutions"",""labels"":[""NOUN""]},{""start"":46,""end"":49,""text"":""में"",""labels"":[""ADP""]},{""start"":50,""end"":55,""text"":""बेहतर"",""labels"":[""ADJ""]},{""start"":56,""end"":63,""text"":""Synergy"",""labels"":[""NOUN""]},{""start"":65,""end"":67,""text"":""आज"",""labels"":[""ADV""]},{""start"":68,""end"":73,""text"":""हमारे"",""labels"":[""PRON""]},{""start"":74,""end"":77,""text"":""देश"",""labels"":[""NOUN""]},{""start"":78,""end"":80,""text"":""की"",""labels"":[""ADP""]},{""start"":81,""end"":85,""text"":""सबसे"",""labels"":[""ADV""]},{""start"":86,""end"":90,""text"":""बड़ी"",""labels"":[""ADJ""]},{""start"":91,""end"":96,""text"":""जरूरत"",""labels"":[""NOUN""]},{""start"":97,""end"":99,""text"":""बन"",""labels"":[""VERB""]},{""start"":100,""end"":102,""text"":""गई"",""labels"":[""PART""]},{""start"":103,""end"":105,""text"":""है"",""labels"":[""VERB""]},{""start"":105,""end"":106,""text"":""।"",""labels"":[""VERB""]}]",237.954,"देश के यूनिवर्सिटी, कॉलेज और R&D Institutions में बेहतर Synergy, आज हमारे देश की सबसे बड़ी जरूरत बन गई है।","2025-01-23T17:25:46.479348Z"
4,"1","2025-01-23T17:28:58.758220Z",443,"[{""start"":0,""end"":4,""text"":""पहली"",""labels"":[""ADJ""]},{""start"":5,""end"":8,""text"":""बार"",""labels"":[""NOUN""]},{""start"":9,""end"":12,""text"":""देश"",""labels"":[""NOUN""]},{""start"":13,""end"":15,""text"":""के"",""labels"":[""ADP""]},{""start"":16,""end"":23,""text"":""स्कूलों"",""labels"":[""NOUN""]},{""start"":24,""end"":27,""text"":""में"",""labels"":[""ADP""]},{""start"":28,""end"":32,""text"":""Atal"",""labels"":[""PROPN""]},{""start"":33,""end"":42,""text"":""Tinkering"",""labels"":[""ADJ""]},{""start"":43,""end"":47,""text"":""Labs"",""labels"":[""NOUN""]},{""start"":48,""end"":50,""text"":""से"",""labels"":[""ADP""]},{""start"":51,""end"":55,""text"":""लेकर"",""labels"":[""CONJ""]},{""start"":56,""end"":60,""text"":""उच्च"",""labels"":[""ADJ""]},{""start"":61,""end"":70,""text"":""संस्थानों"",""labels"":[""NOUN""]},{""start"":71,""end"":74,""text"":""में"",""labels"":[""ADP""]},{""start"":75,""end"":79,""text"":""Atal"",""labels"":[""PROPN""]},{""start"":80,""end"":90,""text"":""Incubation"",""labels"":[""ADJ""]},{""start"":91,""end"":98,""text"":""Centers"",""labels"":[""NOUN""]},{""start"":99,""end"":101,""text"":""तक"",""labels"":[""ADP""]},{""start"":102,""end"":104,""text"":""पर"",""labels"":[""ADP""]},{""start"":105,""end"":109,""text"":""फोकस"",""labels"":[""NOUN""]},{""start"":110,""end"":114,""text"":""किया"",""labels"":[""VERB""]},{""start"":115,""end"":117,""text"":""जा"",""labels"":[""PART""]},{""start"":118,""end"":121,""text"":""रहा"",""labels"":[""PART""]},{""start"":122,""end"":124,""text"":""है"",""labels"":[""VERB""]},{""start"":124,""end"":125,""text"":""।"",""labels"":[""X""]}]",185.642,"पहली बार देश के स्कूलों में Atal Tinkering Labs से लेकर उच्च संस्थानों में Atal Incubation Centers तक पर फोकस किया जा रहा है।","2025-01-23T17:28:58.758267Z"
5,"1","2025-01-23T17:32:01.016119Z",444,"[{""start"":0,""end"":13,""text"":""IIT Kharagpur"",""labels"":[""PROPN""]},{""start"":15,""end"":24,""text"":""IIT Delhi"",""labels"":[""PROPN""]},{""start"":13,""end"":14,""text"":"","",""labels"":[""X""]},{""start"":25,""end"":27,""text"":""और"",""labels"":[""CONJ""]},{""start"":28,""end"":31,""text"":""BHU"",""labels"":[""PROPN""]},{""start"":32,""end"":35,""text"":""में"",""labels"":[""ADP""]},{""start"":36,""end"":39,""text"":""तीन"",""labels"":[""NUM""]},{""start"":40,""end"":53,""text"":""Sophisticated"",""labels"":[""ADJ""]},{""start"":65,""end"":67,""text"":""और"",""labels"":[""CONJ""]},{""start"":54,""end"":64,""text"":""Analytical"",""labels"":[""ADJ""]},{""start"":68,""end"":77,""text"":""Technical"",""labels"":[""ADJ""]},{""start"":78,""end"":82,""text"":""Help"",""labels"":[""ADJ""]},{""start"":83,""end"":93,""text"":""Institutes"",""labels"":[""NOUN""]},{""start"":94,""end"":95,""text"":""("",""labels"":[""X""]},{""start"":100,""end"":101,""text"":"")"",""labels"":[""X""]},{""start"":95,""end"":100,""text"":""SATHI"",""labels"":[""PROPN""]},{""start"":102,""end"":104,""text"":""भी"",""labels"":[""ADV""]},{""start"":105,""end"":109,""text"":""सेवा"",""labels"":[""NOUN""]},{""start"":110,""end"":112,""text"":""दे"",""labels"":[""VERB""]},{""start"":113,""end"":116,""text"":""रहे"",""labels"":[""PART""]},{""start"":117,""end"":120,""text"":""हैं"",""labels"":[""VERB""]},{""start"":120,""end"":121,""text"":""।"",""labels"":[""X""]}]",286.058,"IIT Kharagpur, IIT Delhi और BHU में तीन Sophisticated Analytical और Technical Help Institutes (SATHI) भी सेवा दे रहे हैं।","2025-01-23T17:33:54.573928Z"
6,"1","2025-01-23T17:35:39.553778Z",445,"[{""start"":0,""end"":3,""text"":""देश"",""labels"":[""NOUN""]},{""start"":4,""end"":7,""text"":""में"",""labels"":[""ADP""]},{""start"":8,""end"":12,""text"":""पहली"",""labels"":[""ADJ""]},{""start"":13,""end"":16,""text"":""बार"",""labels"":[""NOUN""]},{""start"":17,""end"":25,""text"":""National"",""labels"":[""ADJ""]},{""start"":26,""end"":34,""text"":""Research"",""labels"":[""ADJ""]},{""start"":35,""end"":45,""text"":""Foundation"",""labels"":[""NOUN""]},{""start"":46,""end"":48,""text"":""का"",""labels"":[""ADP""]},{""start"":49,""end"":56,""text"":""निर्माण"",""labels"":[""NOUN""]},{""start"":57,""end"":61,""text"":""किया"",""labels"":[""VERB""]},{""start"":62,""end"":64,""text"":""जा"",""labels"":[""PART""]},{""start"":65,""end"":68,""text"":""रहा"",""labels"":[""PART""]},{""start"":69,""end"":71,""text"":""है"",""labels"":[""VERB""]},{""start"":71,""end"":72,""text"":""।"",""labels"":[""X""]}]",102.839,"देश में पहली बार National Research Foundation का निर्माण किया जा रहा है।","2025-01-23T17:35:39.553862Z"
7,"1","2025-01-23T17:38:14.542906Z",446,"[{""start"":0,""end"":4,""text"":""इससे"",""labels"":[""PRON""]},{""start"":5,""end"":13,""text"":""research"",""labels"":[""NOUN""]},{""start"":14,""end"":16,""text"":""से"",""labels"":[""ADP""]},{""start"":17,""end"":22,""text"":""जुड़े"",""labels"":[""ADJ""]},{""start"":23,""end"":32,""text"":""संस्थानों"",""labels"":[""NOUN""]},{""start"":33,""end"":35,""text"":""के"",""labels"":[""ADP""]},{""start"":36,""end"":46,""text"":""Governance"",""labels"":[""ADJ""]},{""start"":47,""end"":56,""text"":""Structure"",""labels"":[""NOUN""]},{""start"":57,""end"":59,""text"":""से"",""labels"":[""ADP""]},{""start"":60,""end"":64,""text"":""लेकर"",""labels"":[""CONJ""]},{""start"":65,""end"":68,""text"":""R&D"",""labels"":[""PROPN""]},{""start"":68,""end"":69,""text"":"","",""labels"":[""X""]},{""start"":70,""end"":78,""text"":""Academia"",""labels"":[""PROPN""]},{""start"":79,""end"":81,""text"":""और"",""labels"":[""CONJ""]},{""start"":82,""end"":90,""text"":""Industry"",""labels"":[""PROPN""]},{""start"":91,""end"":93,""text"":""की"",""labels"":[""ADP""]},{""start"":94,""end"":101,""text"":""Linkage"",""labels"":[""NOUN""]},{""start"":102,""end"":104,""text"":""को"",""labels"":[""ADP""]},{""start"":105,""end"":107,""text"":""बल"",""labels"":[""NOUN""]},{""start"":108,""end"":114,""text"":""मिलेगा"",""labels"":[""VERB""]},{""start"":114,""end"":115,""text"":""।"",""labels"":[""X""]}]",151.246,"इससे research से जुड़े संस्थानों के Governance Structure से लेकर R&D, Academia और Industry की Linkage को बल मिलेगा।","2025-01-23T17:38:14.542980Z"
8,"1","2025-01-23T17:39:56.275835Z",447,"[{""start"":0,""end"":6,""text"":""Future"",""labels"":[""ADJ""]},{""start"":7,""end"":11,""text"":""Fuel"",""labels"":[""NOUN""]},{""start"":13,""end"":18,""text"":""Green"",""labels"":[""ADJ""]},{""start"":19,""end"":25,""text"":""Energy"",""labels"":[""NOUN""]},{""start"":11,""end"":12,""text"":"","",""labels"":[""X""]},{""start"":25,""end"":26,""text"":"","",""labels"":[""X""]},{""start"":27,""end"":32,""text"":""हमारी"",""labels"":[""PRON""]},{""start"":33,""end"":39,""text"":""Energy"",""labels"":[""NOUN""]},{""start"":40,""end"":43,""text"":""में"",""labels"":[""ADP""]},{""start"":44,""end"":56,""text"":""आत्मनिर्भरता"",""labels"":[""NOUN""]},{""start"":57,""end"":59,""text"":""के"",""labels"":[""ADP""]},{""start"":60,""end"":63,""text"":""लिए"",""labels"":[""ADP""]},{""start"":64,""end"":68,""text"":""बहुत"",""labels"":[""ADV""]},{""start"":69,""end"":75,""text"":""ज़रूरी"",""labels"":[""ADJ""]},{""start"":76,""end"":78,""text"":""है"",""labels"":[""VERB""]},{""start"":78,""end"":79,""text"":""।"",""labels"":[""X""]}]",98.321,"Future Fuel, Green Energy, हमारी Energy में आत्मनिर्भरता के लिए बहुत ज़रूरी है।","2025-01-23T17:39:56.275922Z"
9,"1","2025-01-23T17:41:56.953190Z",448,"[{""start"":0,""end"":3,""text"":""बजट"",""labels"":[""NOUN""]},{""start"":4,""end"":7,""text"":""में"",""labels"":[""ADP""]},{""start"":8,""end"":13,""text"":""घोषित"",""labels"":[""ADJ""]},{""start"":14,""end"":51,""text"":""National Language Translation Mission"",""labels"":[""PROPN""]},{""start"":52,""end"":54,""text"":""से"",""labels"":[""ADP""]},{""start"":55,""end"":59,""text"":""इसके"",""labels"":[""PRON""]},{""start"":60,""end"":63,""text"":""लिए"",""labels"":[""ADP""]},{""start"":64,""end"":68,""text"":""बहुत"",""labels"":[""ADV""]},{""start"":69,""end"":79,""text"":""प्रोत्साहन"",""labels"":[""NOUN""]},{""start"":80,""end"":86,""text"":""मिलेगा"",""labels"":[""VERB""]},{""start"":86,""end"":87,""text"":""।"",""labels"":[""X""]}]",116.031,"बजट में घोषित National Language Translation Mission से इसके लिए बहुत प्रोत्साहन मिलेगा।","2025-01-23T17:41:56.953229Z"
10,"1","2025-01-23T17:44:07.522733Z",449,"[{""start"":0,""end"":9,""text"":""उन्‍होंने"",""labels"":[""PRON""]},{""start"":10,""end"":12,""text"":""यह"",""labels"":[""DET""]},{""start"":13,""end"":22,""text"":""institute"",""labels"":[""NOUN""]},{""start"":23,""end"":27,""text"":""बनाई"",""labels"":[""VERB""]},{""start"":28,""end"":30,""text"":""थी"",""labels"":[""VERB""]},{""start"":31,""end"":33,""text"":""उस"",""labels"":[""DET""]},{""start"":34,""end"":45,""text"":""institution"",""labels"":[""NOUN""]},{""start"":46,""end"":48,""text"":""का"",""labels"":[""ADP""]},{""start"":49,""end"":52,""text"":""नाम"",""labels"":[""NOUN""]},{""start"":53,""end"":95,""text"":""विवेकानंद Agriculture Research Institution"",""labels"":[""PROPN""]},{""start"":96,""end"":98,""text"":""के"",""labels"":[""ADP""]},{""start"":99,""end"":102,""text"":""नाम"",""labels"":[""NOUN""]},{""start"":103,""end"":105,""text"":""से"",""labels"":[""ADP""]},{""start"":106,""end"":109,""text"":""रखा"",""labels"":[""VERB""]},{""start"":110,""end"":112,""text"":""था"",""labels"":[""X""]},{""start"":112,""end"":113,""text"":""।"",""labels"":[""X""]}]",124.628,"उन्‍होंने यह institute बनाई थी उस institution का नाम विवेकानंद Agriculture Research Institution के नाम से रखा था।","2025-01-23T17:44:07.522772Z"
11,"1","2025-01-23T17:46:20.116016Z",450,"[{""start"":0,""end"":35,""text"":""African Continental Free Trade Area"",""labels"":[""PROPN""]},{""start"":36,""end"":38,""text"":""की"",""labels"":[""ADP""]},{""start"":39,""end"":49,""text"":""महत्वपूर्ण"",""labels"":[""ADJ""]},{""start"":50,""end"":53,""text"":""पहल"",""labels"":[""NOUN""]},{""start"":54,""end"":56,""text"":""के"",""labels"":[""ADP""]},{""start"":57,""end"":60,""text"":""लिए"",""labels"":[""ADP""]},{""start"":60,""end"":61,""text"":"","",""labels"":[""X""]},{""start"":62,""end"":65,""text"":""मैं"",""labels"":[""PRON""]},{""start"":66,""end"":69,""text"":""सभी"",""labels"":[""DET""]},{""start"":70,""end"":77,""text"":""अफ़्रीकी"",""labels"":[""ADJ""]},{""start"":78,""end"":83,""text"":""देशों"",""labels"":[""NOUN""]},{""start"":84,""end"":86,""text"":""को"",""labels"":[""ADP""]},{""start"":87,""end"":94,""text"":""हार्दिक"",""labels"":[""ADJ""]},{""start"":95,""end"":99,""text"":""बधाई"",""labels"":[""NOUN""]},{""start"":100,""end"":104,""text"":""देता"",""labels"":[""VERB""]},{""start"":105,""end"":108,""text"":""हूँ"",""labels"":[""VERB""]},{""start"":108,""end"":109,""text"":""।"",""labels"":[""X""]}]",130.47,"African Continental Free Trade Area की महत्वपूर्ण पहल के लिए, मैं सभी अफ़्रीकी देशों को हार्दिक बधाई देता हूँ।","2025-01-23T17:46:20.116052Z"
12,"1","2025-01-23T17:48:08.946252Z",451,"[{""start"":0,""end"":23,""text"":""Free Trade and Commerce"",""labels"":[""PROPN""]},{""start"":24,""end"":26,""text"":""ने"",""labels"":[""ADP""]},{""start"":27,""end"":32,""text"":""पिछले"",""labels"":[""ADJ""]},{""start"":33,""end"":36,""text"":""तीन"",""labels"":[""NUM""]},{""start"":37,""end"":42,""text"":""दशकों"",""labels"":[""NOUN""]},{""start"":43,""end"":46,""text"":""में"",""labels"":[""ADP""]},{""start"":47,""end"":55,""text"":""hundreds"",""labels"":[""NUM""]},{""start"":56,""end"":58,""text"":""of"",""labels"":[""ADP""]},{""start"":59,""end"":67,""text"":""millions"",""labels"":[""NOUN""]},{""start"":68,""end"":73,""text"":""लोगों"",""labels"":[""NOUN""]},{""start"":74,""end"":76,""text"":""को"",""labels"":[""ADP""]},{""start"":77,""end"":82,""text"":""गरीबी"",""labels"":[""NOUN""]},{""start"":83,""end"":85,""text"":""से"",""labels"":[""ADP""]},{""start"":86,""end"":90,""text"":""बाहर"",""labels"":[""ADV""]},{""start"":91,""end"":97,""text"":""निकाला"",""labels"":[""VERB""]},{""start"":98,""end"":100,""text"":""है"",""labels"":[""VERB""]},{""start"":100,""end"":101,""text"":""।"",""labels"":[""X""]}]",106.68,"Free Trade and Commerce ने पिछले तीन दशकों में hundreds of millions लोगों को गरीबी से बाहर निकाला है।","2025-01-23T17:48:08.946285Z"
13,"1","2025-01-23T17:50:04.349778Z",452,"[{""start"":0,""end"":6,""text"":""Carbon"",""labels"":[""PROPN""]},{""start"":7,""end"":15,""text"":""Negative"",""labels"":[""ADJ""]},{""start"":16,""end"":23,""text"":""राज्यों"",""labels"":[""NOUN""]},{""start"":24,""end"":26,""text"":""की"",""labels"":[""ADP""]},{""start"":27,""end"":32,""text"":""पहचान"",""labels"":[""NOUN""]},{""start"":33,""end"":36,""text"":""देश"",""labels"":[""NOUN""]},{""start"":37,""end"":39,""text"":""के"",""labels"":[""ADP""]},{""start"":40,""end"":42,""text"":""इस"",""labels"":[""DET""]},{""start"":43,""end"":50,""text"":""क्षेत्र"",""labels"":[""NOUN""]},{""start"":51,""end"":53,""text"":""को"",""labels"":[""ADP""]},{""start"":54,""end"":58,""text"":""पूरे"",""labels"":[""ADJ""]},{""start"":59,""end"":64,""text"":""विश्व"",""labels"":[""NOUN""]},{""start"":65,""end"":73,""text"":""मानचित्र"",""labels"":[""NOUN""]},{""start"":74,""end"":76,""text"":""पर"",""labels"":[""ADP""]},{""start"":77,""end"":79,""text"":""एक"",""labels"":[""DET""]},{""start"":80,""end"":84,""text"":""बड़े"",""labels"":[""ADJ""]},{""start"":85,""end"":90,""text"":""brand"",""labels"":[""NOUN""]},{""start"":91,""end"":93,""text"":""के"",""labels"":[""ADP""]},{""start"":94,""end"":97,""text"":""तौर"",""labels"":[""NOUN""]},{""start"":98,""end"":100,""text"":""पर"",""labels"":[""ADP""]},{""start"":101,""end"":108,""text"":""स्थापित"",""labels"":[""VERB""]},{""start"":109,""end"":111,""text"":""कर"",""labels"":[""VERB""]},{""start"":112,""end"":116,""text"":""सकती"",""labels"":[""VERB""]},{""start"":117,""end"":119,""text"":""है"",""labels"":[""VERB""]},{""start"":119,""end"":120,""text"":""।"",""labels"":[""X""]}]",113.23,"Carbon Negative राज्यों की पहचान देश के इस क्षेत्र को पूरे विश्व मानचित्र पर एक बड़े brand के तौर पर स्थापित कर सकती है।","2025-01-23T17:50:04.349822Z"
14,"1","2025-01-23T17:52:57.414924Z",453,"[{""start"":0,""end"":10,""text"":""North-East"",""labels"":[""PROPN""]},{""start"":11,""end"":14,""text"":""में"",""labels"":[""NOUN""]},{""start"":15,""end"":21,""text"":""Sports"",""labels"":[""NOUN""]},{""start"":22,""end"":24,""text"":""की"",""labels"":[""ADP""]},{""start"":25,""end"":29,""text"":""अपार"",""labels"":[""ADJ""]},{""start"":30,""end"":36,""text"":""क्षमता"",""labels"":[""NOUN""]},{""start"":37,""end"":39,""text"":""को"",""labels"":[""ADP""]},{""start"":40,""end"":45,""text"":""देखते"",""labels"":[""VERB""]},{""start"":46,""end"":49,""text"":""हुए"",""labels"":[""PART""]},{""start"":50,""end"":52,""text"":""ही"",""labels"":[""ADV""]},{""start"":53,""end"":59,""text"":""केंद्र"",""labels"":[""NOUN""]},{""start"":60,""end"":65,""text"":""सरकार"",""labels"":[""NOUN""]},{""start"":66,""end"":68,""text"":""इस"",""labels"":[""DET""]},{""start"":69,""end"":76,""text"":""क्षेत्र"",""labels"":[""NOUN""]},{""start"":77,""end"":80,""text"":""में"",""labels"":[""ADP""]},{""start"":80,""end"":81,""text"":"","",""labels"":[""X""]},{""start"":82,""end"":87,""text"":""इंफाल"",""labels"":[""PROPN""]},{""start"":88,""end"":91,""text"":""में"",""labels"":[""ADP""]},{""start"":92,""end"":98,""text"":""Sports"",""labels"":[""ADJ""]},{""start"":99,""end"":109,""text"":""University"",""labels"":[""NOUN""]},{""start"":110,""end"":112,""text"":""की"",""labels"":[""ADP""]},{""start"":113,""end"":115,""text"":""भी"",""labels"":[""ADV""]},{""start"":116,""end"":123,""text"":""स्थापना"",""labels"":[""NOUN""]},{""start"":124,""end"":126,""text"":""कर"",""labels"":[""VERB""]},{""start"":127,""end"":130,""text"":""रही"",""labels"":[""VERB""]},{""start"":131,""end"":133,""text"":""है"",""labels"":[""VERB""]},{""start"":133,""end"":134,""text"":""।"",""labels"":[""X""]}]",168.078,"North-East में Sports की अपार क्षमता को देखते हुए ही केंद्र सरकार इस क्षेत्र में, इंफाल में Sports University की भी स्थापना कर रही है।","2025-01-23T17:52:57.414955Z"
15,"1","2025-01-23T17:54:37.569832Z",454,"[{""start"":0,""end"":4,""text"":""भारत"",""labels"":[""PROPN""]},{""start"":5,""end"":7,""text"":""के"",""labels"":[""ADP""]},{""start"":8,""end"":12,""text"":""अंदर"",""labels"":[""ADP""]},{""start"":13,""end"":25,""text"":""Solar Energy"",""labels"":[""PROPN""]},{""start"":26,""end"":28,""text"":""के"",""labels"":[""ADP""]},{""start"":29,""end"":34,""text"":""संबंध"",""labels"":[""NOUN""]},{""start"":35,""end"":38,""text"":""में"",""labels"":[""ADP""]},{""start"":39,""end"":42,""text"":""अलग"",""labels"":[""ADJ""]},{""start"":43,""end"":48,""text"":""तरीके"",""labels"":[""NOUN""]},{""start"":49,""end"":51,""text"":""से"",""labels"":[""ADP""]},{""start"":52,""end"":57,""text"":""सोचने"",""labels"":[""VERB""]},{""start"":58,""end"":60,""text"":""के"",""labels"":[""ADP""]},{""start"":61,""end"":64,""text"":""लिए"",""labels"":[""ADP""]},{""start"":65,""end"":68,""text"":""देश"",""labels"":[""NOUN""]},{""start"":69,""end"":71,""text"":""की"",""labels"":[""ADP""]},{""start"":72,""end"":75,""text"":""सभी"",""labels"":[""DET""]},{""start"":76,""end"":83,""text"":""सरकारों"",""labels"":[""NOUN""]},{""start"":84,""end"":86,""text"":""को"",""labels"":[""ADP""]},{""start"":87,""end"":94,""text"":""प्रेरित"",""labels"":[""VERB""]},{""start"":95,""end"":99,""text"":""किया"",""labels"":[""VERB""]},{""start"":100,""end"":102,""text"":""था"",""labels"":[""VERB""]},{""start"":102,""end"":103,""text"":""।"",""labels"":[""X""]}]",97.396,"भारत के अंदर Solar Energy के संबंध में अलग तरीके से सोचने के लिए देश की सभी सरकारों को प्रेरित किया था।","2025-01-23T17:54:37.569862Z"
16,"1","2025-01-23T17:55:45.413031Z",455,"[{""start"":0,""end"":4,""text"":""भारत"",""labels"":[""PROPN""]},{""start"":5,""end"":7,""text"":""के"",""labels"":[""ADP""]},{""start"":8,""end"":11,""text"":""लिए"",""labels"":[""ADP""]},{""start"":12,""end"":20,""text"":""सिंगापुर"",""labels"":[""PROPN""]},{""start"":21,""end"":46,""text"":""Foreign Direct Investment"",""labels"":[""PROPN""]},{""start"":47,""end"":49,""text"":""का"",""labels"":[""ADP""]},{""start"":50,""end"":52,""text"":""एक"",""labels"":[""DET""]},{""start"":53,""end"":63,""text"":""महत्वपूर्ण"",""labels"":[""ADJ""]},{""start"":64,""end"":69,""text"":""स्रोत"",""labels"":[""NOUN""]},{""start"":70,""end"":72,""text"":""है"",""labels"":[""VERB""]},{""start"":72,""end"":73,""text"":""।"",""labels"":[""X""]}]",65.596,"भारत के लिए सिंगापुर Foreign Direct Investment का एक महत्वपूर्ण स्रोत है।","2025-01-23T17:55:45.413079Z"
17,"1","2025-01-23T17:57:24.166943Z",456,"[{""start"":0,""end"":2,""text"":""कल"",""labels"":[""ADV""]},{""start"":3,""end"":6,""text"":""शाम"",""labels"":[""NOUN""]},{""start"":7,""end"":15,""text"":""सिंगापुर"",""labels"":[""PROPN""]},{""start"":16,""end"":18,""text"":""की"",""labels"":[""ADP""]},{""start"":19,""end"":29,""text"":""महत्वपूर्ण"",""labels"":[""ADJ""]},{""start"":30,""end"":38,""text"":""कंपनियों"",""labels"":[""NOUN""]},{""start"":39,""end"":41,""text"":""के"",""labels"":[""ADP""]},{""start"":42,""end"":46,""text"":""CEOs"",""labels"":[""PROPN""]},{""start"":47,""end"":49,""text"":""के"",""labels"":[""ADP""]},{""start"":50,""end"":53,""text"":""साथ"",""labels"":[""ADP""]},{""start"":54,""end"":65,""text"":""round table"",""labels"":[""NOUN""]},{""start"":66,""end"":68,""text"":""पर"",""labels"":[""ADP""]},{""start"":69,""end"":73,""text"":""मुझे"",""labels"":[""PRON""]},{""start"":74,""end"":78,""text"":""भारत"",""labels"":[""PROPN""]},{""start"":79,""end"":81,""text"":""के"",""labels"":[""ADP""]},{""start"":82,""end"":87,""text"":""प्रति"",""labels"":[""ADP""]},{""start"":88,""end"":92,""text"":""उनके"",""labels"":[""PRON""]},{""start"":93,""end"":100,""text"":""विश्वास"",""labels"":[""NOUN""]},{""start"":101,""end"":103,""text"":""को"",""labels"":[""ADP""]},{""start"":104,""end"":109,""text"":""देखकर"",""labels"":[""VERB""]},{""start"":110,""end"":114,""text"":""बहुत"",""labels"":[""ADJ""]},{""start"":115,""end"":124,""text"":""प्रसन्नता"",""labels"":[""NOUN""]},{""start"":125,""end"":128,""text"":""हुई"",""labels"":[""VERB""]},{""start"":128,""end"":129,""text"":""।"",""labels"":[""X""]}]",96.34,"कल शाम सिंगापुर की महत्वपूर्ण कंपनियों के CEOs के साथ round table पर मुझे भारत के प्रति उनके विश्वास को देखकर बहुत प्रसन्नता हुई।","2025-01-23T17:57:24.166978Z"
18,"1","2025-01-23T17:59:47.976813Z",457,"[{""start"":0,""end"":5,""text"":""RuPay"",""labels"":[""PROPN""]},{""start"":7,""end"":11,""text"":""BHIM"",""labels"":[""PROPN""]},{""start"":5,""end"":6,""text"":"","",""labels"":[""X""]},{""start"":12,""end"":14,""text"":""और"",""labels"":[""CONJ""]},{""start"":15,""end"":25,""text"":""UPI-आधारित"",""labels"":[""ADJ""]},{""start"":26,""end"":40,""text"":""remittance app"",""labels"":[""NOUN""]},{""start"":41,""end"":43,""text"":""का"",""labels"":[""ADP""]},{""start"":44,""end"":52,""text"":""सिंगापुर"",""labels"":[""PROPN""]},{""start"":53,""end"":56,""text"":""में"",""labels"":[""ADP""]},{""start"":57,""end"":59,""text"":""कल"",""labels"":[""ADV""]},{""start"":60,""end"":63,""text"":""शाम"",""labels"":[""ADJ""]},{""start"":64,""end"":78,""text"":""अंतर्राष्ट्रीय"",""labels"":[""ADJ""]},{""start"":79,""end"":85,""text"":""launch"",""labels"":[""NOUN""]},{""start"":86,""end"":99,""text"":""Digital India"",""labels"":[""PROPN""]},{""start"":100,""end"":103,""text"":""तथा"",""labels"":[""CONJ""]},{""start"":104,""end"":109,""text"":""हमारी"",""labels"":[""PRON""]},{""start"":110,""end"":118,""text"":""भागीदारी"",""labels"":[""NOUN""]},{""start"":119,""end"":121,""text"":""की"",""labels"":[""ADP""]},{""start"":122,""end"":128,""text"":""नवीनता"",""labels"":[""NOUN""]},{""start"":129,""end"":131,""text"":""की"",""labels"":[""ADP""]},{""start"":132,""end"":137,""text"":""भावना"",""labels"":[""NOUN""]},{""start"":138,""end"":140,""text"":""को"",""labels"":[""ADP""]},{""start"":141,""end"":148,""text"":""दर्शाता"",""labels"":[""VERB""]},{""start"":149,""end"":151,""text"":""है"",""labels"":[""VERB""]},{""start"":151,""end"":152,""text"":""।"",""labels"":[""X""]}]",141.808,"RuPay, BHIM और UPI-आधारित remittance app का सिंगापुर में कल शाम अंतर्राष्ट्रीय launch Digital India तथा हमारी भागीदारी की नवीनता की भावना को दर्शाता है।","2025-01-23T17:59:47.976844Z"
19,"1","2025-01-23T18:01:47.382071Z",458,"[{""start"":0,""end"":5,""text"":""सरकार"",""labels"":[""NOUN""]},{""start"":6,""end"":9,""text"":""आने"",""labels"":[""VERB""]},{""start"":10,""end"":14,""text"":""वाले"",""labels"":[""ADJ""]},{""start"":15,""end"":20,""text"":""दिनों"",""labels"":[""NOUN""]},{""start"":21,""end"":24,""text"":""में"",""labels"":[""ADP""]},{""start"":25,""end"":44,""text"":""Maritime University"",""labels"":[""PROPN""]},{""start"":45,""end"":50,""text"":""बनाने"",""labels"":[""VERB""]},{""start"":51,""end"":53,""text"":""और"",""labels"":[""CONJ""]},{""start"":54,""end"":58,""text"":""लोथल"",""labels"":[""PROPN""]},{""start"":59,""end"":62,""text"":""में"",""labels"":[""ADP""]},{""start"":63,""end"":78,""text"":""Maritime Museum"",""labels"":[""PROPN""]},{""start"":79,""end"":84,""text"":""बनाने"",""labels"":[""VERB""]},{""start"":85,""end"":87,""text"":""पर"",""labels"":[""ADP""]},{""start"":88,""end"":90,""text"":""भी"",""labels"":[""ADV""]},{""start"":91,""end"":95,""text"":""बहुत"",""labels"":[""ADV""]},{""start"":96,""end"":104,""text"":""विस्‍तार"",""labels"":[""NOUN""]},{""start"":105,""end"":107,""text"":""से"",""labels"":[""ADP""]},{""start"":108,""end"":111,""text"":""काम"",""labels"":[""NOUN""]},{""start"":112,""end"":114,""text"":""इन"",""labels"":[""DET""]},{""start"":115,""end"":120,""text"":""दिनों"",""labels"":[""NOUN""]},{""start"":121,""end"":123,""text"":""चल"",""labels"":[""VERB""]},{""start"":124,""end"":127,""text"":""रहा"",""labels"":[""PART""]},{""start"":128,""end"":130,""text"":""है"",""labels"":[""VERB""]},{""start"":130,""end"":131,""text"":""।"",""labels"":[""X""]}]",115.824,"सरकार आने वाले दिनों में Maritime University बनाने और लोथल में Maritime Museum बनाने पर भी बहुत विस्‍तार से काम इन दिनों चल रहा है।","2025-01-23T18:01:47.382104Z"
20,"1","2025-01-23T18:03:47.916144Z",459,"[{""start"":0,""end"":7,""text"":""साथियों"",""labels"":[""NOUN""]},{""start"":7,""end"":8,""text"":"","",""labels"":[""X""]},{""start"":9,""end"":14,""text"":""सरकार"",""labels"":[""NOUN""]},{""start"":15,""end"":21,""text"":""भावनगर"",""labels"":[""PROPN""]},{""start"":22,""end"":24,""text"":""से"",""labels"":[""ADP""]},{""start"":25,""end"":57,""text"":""Alang-Sosiya Ship Recycling Yard"",""labels"":[""PROPN""]},{""start"":58,""end"":60,""text"":""तक"",""labels"":[""ADP""]},{""start"":61,""end"":63,""text"":""के"",""labels"":[""ADP""]},{""start"":64,""end"":67,""text"":""लिए"",""labels"":[""ADP""]},{""start"":68,""end"":70,""text"":""एक"",""labels"":[""DET""]},{""start"":71,""end"":82,""text"":""alternative"",""labels"":[""ADJ""]},{""start"":83,""end"":87,""text"":""road"",""labels"":[""NOUN""]},{""start"":88,""end"":90,""text"":""भी"",""labels"":[""ADV""]},{""start"":91,""end"":93,""text"":""उस"",""labels"":[""PRON""]},{""start"":94,""end"":96,""text"":""पर"",""labels"":[""ADP""]},{""start"":97,""end"":99,""text"":""भी"",""labels"":[""ADV""]},{""start"":100,""end"":103,""text"":""काम"",""labels"":[""NOUN""]},{""start"":104,""end"":106,""text"":""कर"",""labels"":[""VERB""]},{""start"":107,""end"":110,""text"":""रही"",""labels"":[""VERB""]},{""start"":111,""end"":113,""text"":""है"",""labels"":[""VERB""]},{""start"":113,""end"":114,""text"":""।"",""labels"":[""X""]}]",117.788,"साथियों, सरकार भावनगर से Alang-Sosiya Ship Recycling Yard तक के लिए एक alternative road भी उस पर भी काम कर रही है।","2025-01-23T18:03:47.916190Z"
